Year,exclude,Film,Lead Studio,Critic Rating,Audience Rating,Story,Genre,Opening Weekend Theaters,Opening Weekend per Cinema,Domestic Gross,Foreign Gross,Worldwide Gross,Budget,Profitability,Opening Weekend Revenue,Oscar
2011,,Average,,52.84,61.42,,,2810.31,8764.92,61.33,93.53,144.86,52.25,3.42,20.14,
2011,,The Tree Of Life,Independant,84,61,Discovery,Drama,4,93230,13.30,41.00,54.30,32,1.6970,0.37,
2011,,Midnight in Paris,Sony,93,84,Love,Romance,944,61777,56.18,83.00,139.18,17,8.1869,5.83,
2011,,Harry Potter and the Deathly Hallows Part 2,Warner Bros,96,92,Rivalry,Fantasy,4375,38672,381.01,947.10,1328.11,125,10.6249,169.19,
2011,,Twilight: Breaking Dawn,Independant,26,68,Love,Romance,4061,34012,260.80,374.00,634.80,110,5.7709,138.12,
2011,,Transformers: Dark of the Moon,DreamWorks Pictures,35,67,Quest,Action,4088,23937,352.39,770.81,1123.20,195,5.7600,97.85,
2011,,The Hangover Part II,Legendary Pictures,35,58,Comedy,Comedy,3615,23775,254.46,327.00,581.46,80,7.2683,85.95,
2011,,Fast Five,Universal,78,83,Escape,Action,3644,23655,209.83,416.3,626.13,125,5.0090,,
2011,,"Pirates of the Caribbean:
On Stranger Tides",Disney,34,61,Quest,Action,4155,21697,241.07,802.80,1043.87,250,4.1755,90.15,
2011,,Captain America: The First Avenger,Disney,78,75,Metamorphosis,Action,3715,17512,176.65,191.75,368.40,140,2.6315,65.06,
2011,,Thor,Disney,77,80,Monster Force,Action,3955,16618,181.03,267.48,448.51,150,2.9901,65.72,
2011,,Cars 2,Pixar,38,56,Fish Out Of Water,Animation,4115,16072,191.45,360.40,551.85,200,2.7593,66.14,
2011,,Paranormal Activity 3,Independant,68,58,Monster Force,Horror,3321,15829,103.66,98.24,201.90,5,40.3794,52.57,
2011,,X-Men: First Class,Disney,87,88,Monster Force,Action,3641,15134,146.41,207.22,353.62,160,2.2101,55.10,
2011,,Rise of the Planet of the Apes,20th Century Fox,83,87,Revenge,Action,3648,15024,176.70,304.52,481.23,93,5.1745,54.81,
2011,,Green Lantern,Warner Bros,27,48,Metamorphosis,Action,3816,13935,116.60,103.25,219.85,200,1.0993,53.17,
2011,,Kung Fu Panda 2,DreamWorks Animation,82,80,Rivalry,Animation,3925,12142,165.25,497.78,663.02,150,4.4202,47.66,
2011,,Super 8,Paramount,82,78,Monster Force,Horror,3379,10492,127.00,132.71,259.71,50,5.1943,35.45,
2011,,Hop,Relativity Media,26,50,Fish Out Of Water,Animation,3579,10490,108.09,75.87,183.95,63,2.9199,37.54,
2011,,The Smurfs,Sony Pictures Animation,23,50,Fish Out Of Water,Animation,3395,10489,142.61,419.54,562.16,110,5.1105,35.61,
2011,,Battle: Los Angeles,Relativity Media,35,50,Monster Force,Action,3417,10411,83.55,128.27,211.82,70,3.0260,35.57,
2011,,Bad Teacher,Independant,44,38,Comedy,Comedy,3049,10365,100.29,115.90,216.20,20,10.8098,31.60,
2011,,Immortals,Relativity Media,36,59,Revenge,Action,3112,10349,80.49,102.00,182.49,75,2.4331,32.21,
2011,,The Help,DreamWorks Pictures,75,91,Maturation,Drama,2534,10278,169.22,30.10,199.32,25,7.9730,26.04,
2011,,Rio,20th Century Fox,71,73,Quest,Animation,3826,10252,143.62,341.02,484.63,90,5.3848,39.23,
2011,,Rango,Paramount,88,69,Fish Out Of Water,Animation,3917,9722,123.26,121.90,245.15,135,1.8160,38.08,
2011,,Cowboys and Aliens,Universal,44,50,Monster Force,Action,3750,9715,100.24,74.58,174.82,163,1.0725,36.43,
2011,,The Green Hornet,Columbia,44,47,Rivalry,Action,3584,9335,98.80,129.00,227.80,120,1.8983,33.50,
2011,,Horrible Bosses,Warner Bros,69,72,Revenge,Comedy,3040,9310,117.54,92.10,209.64,35,5.9897,28.30,
2011,,Bridesmaids,Relativity Media,90,77,Rivalry,Comedy,2918,8995,169.11,119.28,288.38,32.5,8.8733,26.25,
2011,,Puss In Boots,DreamWorks,83,76,Quest,Animation,3952,8623,142.09,142.30,284.39,130,2.1876,34.08,
2011,,Just Go With It,Happy Madison,19,63,Comedy,Romance,3548,8601,103.03,111.92,214.95,80,2.6868,30.51,
2011,,The Muppets,Disney,97,87,Quest,Comedy,3440,8500,66.63,5.80,72.43,45,1.6095,29.24,
2011,,Gnomeo and Juliet,Disney,56,52,Love,Animation,2994,8469,99.97,94.00,193.97,36,5.3880,25.36,
2011,,Real Steel,DreamWorks Pictures,58,81,Underdog,Action,3440,7942,83.61,186.20,269.81,110,2.4528,27.32,
2011,,Diary of a Wimpy Kid 2: Rodrick Rules,20th Century Fox,47,63,Comedy,Comedy,3167,7500,52.70,19.72,72.42,21,3.4484,23.75,
2011,,The Adjustment Bureau,Independant,72,67,Sacrifice,Thriller,2840,7450,62.50,65.37,127.87,50.2,2.5472,21.16,
2011,,Jack and Jill,Happy Madison,4,59,Comedy,Comedy,3438,7273,68.91,15.00,83.91,79,1.0622,25.00,
2011,,Unknown,Independant,55,57,The Riddle,Thriller,3043,7183,63.69,67.10,130.79,30,4.3595,21.86,
2011,,My Week with Marilyn,The Weinstein Company,83,84,Love,Drama,247,7174,5.31,2.95,8.26,10,0.8258,1.75,
2011,,Tower Heist,Relativity,68,61,Revenge,Comedy,3367,7135,74.50,47.00,121.50,75,1.6201,24.03,
2011,,Contagion,Warner Bros,84,63,The Riddle,Thriller,3222,6935,75.64,59.80,135.44,60,2.2574,22.40,
2011,,Limitless,Virgin,69,73,Wretched Excess,Thriller,2756,6860,79.25,82.60,161.85,27,5.9944,18.91,
2011,,Moneyball,Columbia,95,89,Underdog,Drama,2993,6516,74.21,27.90,102.11,50,2.0422,19.50,
2011,,No Strings Attached,Spyglass Entertainment,49,57,Comedy,Comedy,3018,6512,70.60,77.10,147.70,25,5.9080,19.70,
2011,,Friends With Benefits,Warner Bros,71,68,Temptation,Romance,2926,6364,55.80,93.74,149.54,35,4.2726,18.62,
2011,,"Crazy, Stupid, Love",Warner Bros,78,81,Discovery,Romance,3020,6326,84.34,58.50,142.84,50,2.8568,19.10,
2011,,Sucker Punch,Legendary Pictures,23,48,Quest,Action,3033,6284,36.39,53.40,89.79,82,1.0950,19.06,
2011,,I Am Number Four,Paramount,32,57,Maturation,Thriller,3154,6167,55.10,89.40,144.50,60,2.4083,19.45,
2011,,The Company Men,Weinstein Company,66,55,Discovery,Drama,106,6111,4.40,0.40,4.80,15,0.3200,0.60,
2011,,The Dilemma,Spyglass Entertainment,23,31,Comedy,Comedy,2940,6060,48.50,21.20,69.70,70,0.9957,17.80,
2011,,Water For Elephants,20th Century Fox,60,72,Love,Drama,2817,5979,58.71,58.39,117.09,38,3.0814,16.84,
2011,,The Roommate,Independant,4,29,Monster Force,Horror,2534,5921,37.30,3.19,40.49,16,2.5308,15.00,
2011,,Happy Feet 2,Village Roadshow Pictures,41,59,Journey and Return,Animation,3606,5889,57.31,49.20,106.51,135,0.7889,21.24,
2011,,Zookeeper,Happy Madison Productions,14,42,Comedy,Comedy,3482,5763,80.36,89.94,170.30,80,2.1288,20.07,
2011,,Final Destination 5,New Line Cinema,61,56,Monster Force,Horror,3155,5715,42.59,115.30,157.89,40,3.9472,18.03,
2011,,Scream 4,Weinstein Company,58,57,Monster Force,Horror,3305,5656,38.18,58.96,97.14,40,2.4284,18.69,
2011,,Mr. Popper's Penguins,20th Century Fox,47,54,Discovery,Comedy,3339,5524,68.22,119.14,187.36,55,3.4065,18.45,
2011,,Insidious,Sony,67,65,Monster Force,Horror,2408,5511,54.01,43.00,97.01,1.5,64.6727,13.27,
2011,,Dolphin Tale,Independant,84,81,Quest,Drama,3507,5461,71.08,16.86,87.95,37,2.3769,19.15,
2011,,The Debt,Universal,76,70,Pursuit,Thriller,1826,5427,31.18,14.25,45.43,20,2.2715,9.91,
2011,,Beastly,CBS Films,19,50,Metamorphosis,Romance,1952,5047,27.87,0.97,28.83,17,1.6961,9.85,
2011,,Source Code,Summit Entertainment,92,81,The Riddle,Thriller,2961,5002,54.71,68.57,123.28,32,3.8524,14.81,
2011,,The Conspirator,Independant,56,65,Underdog,Drama,707,4960,11.54,2.67,14.21,25,0.5684,3.51,
2011,,The Rite,Warner Bros,20,43,Monster Force,Horror,2985,4955,33.00,63.00,96.00,37,2.5946,14.80,
2011,,The Beaver,Summit Entertainment,62,57,Transformation,Drama,22,4890,0.97,5.40,6.37,21,0.3033,0.11,
2011,,Hanna,Universal,71,67,Quest,Action,2535,4880,40.26,23.52,63.78,30,2.1260,12.37,
2011,,The Lincoln Lawyer,Lionsgate,84,82,Fish Out Of Water,Drama,2707,4879,58.01,17.00,75.01,40,1.8752,13.21,
2011,,Soul Surfer,Sony,46,79,Underdog,Drama,2214,4789,43.85,0.41,44.27,18,2.4593,10.60,
2011,,The Ides of March,Columbia,85,76,Transformation,Thriller,2199,4761,40.49,13.70,54.19,12.5,4.3355,10.47,
2011,,Footloose,Spyglass Entertainment,71,71,Transformation,Drama,2199,4761,51.16,10.90,62.05,24,2.5855,15.56,
2011,,Paul,Relativity,72,70,Comedy,Comedy,2802,4655,37.41,60.57,97.98,40,2.4496,13.04,
2011,,The Change Up,Relativity Media,24,53,Metamorphosis,Comedy,2913,4645,37.08,33.75,70.83,52,1.3622,13.53,
2011,,Red Riding Hood,Warner Bros,11,41,Monster Force,Horror,3030,4622,37.66,51.50,89.16,42,2.1229,14.01,
2011,,30 Minutes or Less,Independant,43,48,Comedy,Comedy,2888,4616,37.05,3.49,40.55,28,1.4481,13.33,
2011,,Hall Pass,Warner Bros,35,44,Temptation,Comedy,2950,4588,45.06,38.10,83.16,36,2.3100,13.54,
2011,,Larry Crowne,Universal,34,46,Discovery,Drama,2973,4405,35.61,16.80,52.41,30,1.7469,13.10,
2011,,The Mechanic,Independant,53,52,Revenge,Action,2703,4226,29.20,22.00,51.20,40,1.2800,11.40,
2011,,Colombiana,Sony,28,55,Revenge,Action,2614,3982,36.67,24.30,60.97,40,1.5241,10.41,
2011,,Drive,Independant,93,79,Rivalry,Thriller,2886,3929,34.68,32.33,67.01,15,4.4671,11.34,
2011,,In Time,Regency Enterprises,38,55,The Riddle,Thriller,3122,3860,36.49,90.90,127.39,40,3.1848,12.05,
2011,,Anonymous,Relativity Media,46,66,Tragedy,Drama,265,3856,4.46,9.73,14.19,30,0.4730,1.02,
2011,,The Eagle,Universal,39,43,Quest,Action,2296,3782,19.49,7.63,27.12,25,1.0848,8.68,
2011,,Season Of The Witch,Relativity,10,32,Monster Force,Action,2816,3769,24.80,66.80,91.60,40,2.2900,12.00,
2011,,Arthur,Warner Bros,26,49,Sacrifice,Comedy,3276,3731,33.04,12.70,45.74,40,1.1434,12.22,
2011,,Arthur Christmas,Aardman Animations,92,82,Journey and Return,Animation,3376,3537,33.70,57.50,91.20,150,0.6080,12.07,
2011,,Spy Kids: All The Time in the World,Weinstein Company,22,40,Quest,Action,3295,3534,38.54,35.54,74.08,27,2.7437,11.64,
2011,,50/50,Independant,93,93,Discovery,Comedy,2458,3517,34.90,1.62,36.51,8,4.5639,8.64,
2011,,Abduction,Vertigo Entertainment,4,46,Maturation,Action,3118,3504,28.07,54.00,82.07,35,2.3448,10.93,
2011,,Sanctum,Relativity Media,30,39,Quest,Action,2787,3390,23.20,85.40,108.60,30,3.6200,9.40,
2011,,Your Highness,Universal,26,36,Comedy,Comedy,2769,3380,21.60,3.26,24.86,49.9,0.4981,9.36,
2011,,Conan the Barbarian,Lionsgate,22,34,Quest,Action,3015,3324,21.30,27.50,48.80,90,0.5422,10.02,
2011,,Winnie The Pooh,Disney,91,79,Quest,Animation,2405,3267,26.69,6.46,33.15,30,1.1051,7.86,
2011,,Killer Elite,Independant,25,48,Rivalry,Action,2986,3132,25.12,27.84,52.96,70,0.7566,9.35,
2011,,Don't Be Afraid Of The Dark,Miramax Films,59,37,Monster Force,Horror,2760,3089,24.05,7.50,31.55,25,1.2618,8.53,
2011,,Dream House,Morgan Creek Productions,7,38,The Riddle,Horror,2661,3055,21.30,17.20,38.50,50,0.7700,8.13,
2011,,Monte Carlo,20th Century Fox,38,50,Love,Romance,2473,3014,23.18,16.48,39.66,20,1.9832,7.45,
2011,,Shark Night 3D,Relativity,16,25,Escape,Horror,2806,2995,18.88,19.83,38.70,25,1.5481,8.40,
2011,,One Day,Independant,37,54,Love,Romance,1719,2955,13.84,41.40,55.24,15,3.6827,5.08,
2011,,The Three Musketeers,Independant,24,48,Rivalry,Action,3017,2875,20.25,111.90,132.15,75,1.7620,8.67,
2011,,The Thing,Universal,36,52,Monster Force,Horror,2996,2835,16.93,10.50,27.43,38,0.7218,8.49,
2011,,Warrior,Lionsgate,83,93,Rivalry,Action,1869,2805,13.66,9.40,23.06,25,0.9223,5.24,
2011,,Apollo 18,Weinstein Company,23,31,Monster Force,Horror,3328,2615,17.69,7.88,25.56,5,5.1124,8.70,
2011,,Fright Night,DreamWorks,75,68,Rivalry,Horror,3114,2477,18.30,18.80,37.10,30,1.2367,7.71,
2011,,Johnny English Reborn,Relativity Media,38,55,Comedy,Comedy,1552,2470,8.31,149.63,157.94,45,3.5098,3.83,
2011,,Drive Angry,Independant,45,38,Rescue,Action,2990,2265,10.72,18.21,28.93,45,0.6429,5.19,
2011,,The Rum Diary,Independant,50,48,Discovery,Drama,2273,2259,13.07,8.48,21.55,45,0.4789,5.14,
2011,,Priest,Sony,17,37,Monster Force,Action,2864,2221,29.14,49.17,78.31,60,1.3051,14.95,
2011,,Mars Needs Moms,Disney,36,43,Rescue,Animation,3117,2218,21.39,17.60,38.99,150,0.2599,6.91,
2011,,What's Your Number,20th Century Fox,24,50,Transformation,Comedy,3002,1806,14.01,16.42,30.43,20,1.5213,5.42,
2011,,The Big Year,Independant,38,62,Transformation,Comedy,2150,1513,7.17,0.24,7.41,41,0.1807,3.25,
2011,,A Dangerous Method,Independant,79,89,Love,Drama,,,0.54,8.44,8.97,20,0.4486,0.17,
2011,,Beginners,Independant,84,80,Love,Comedy,,,5.79,8.39,14.18,3.2,4.4319,0.14,
2011,,Another Earth,Independant,63,74,Temptation,Fantasy,,,1.32,,1.32,0.2,6.6050,0.08,
2011,,Margin Call,Independant,86,73,Sacrifice,Thriller,,,4.94,3.93,8.87,3.5,2.5340,0.56,
2011,,Machine Gun Preacher,Lionsgate,29,71,Transformation,Action,,,0.54,0.57,1.10,30,0.0368,0.05,
2011,,Vanishing on 7th Street,Independant,52,62,Monster Force,Horror,,,0.02,1.05,1.07,10,0.1067,0.00,
2011,,Cedar Rapids,20th Century Fox,86,61,Maturation,Comedy,,,6.86,,6.86,10,0.6861,0.30,
2011,,Everything Must Go,Reliance Entertainment,74,53,Discovery,Drama,,,2.71,,2.71,5,0.5422,0.79,
2011,,Dylan Dog: Dead of Night,Independant,6,28,Monster Force,Horror,,,1.19,3.45,4.63,20,0.2317,0.75,
2011,,Trespass,Independant,11,24,Escape,Thriller,,,0.02,3.10,3.12,35,0.0893,0.02,
2010,,Average,,49.19,57.13,,,2619.11,8202.26,66.95,84.62,152.21,54.66,3.63,20.98,
2010,,127 Hours,Independent,93,84,Escape,Adventure,916,2333,18.33,42.4,60.73,18,3.3739,0.26,
2010,,A Nightmare on Elm Street,Warner Bros.,13,40,Monster Force,Horror,3332,9875,63.08,52.59,115.66,35,3.3046,32.9,
2010,,Alice in Wonderland,Disney,52,72,Journey and Return,Adventure,3728,31143,334.19,690.2,1024.39,200,5.1220,116.1,
2010,,All About Steve,Independent,6,35,Comedy,Comedy,2251,4994,33.860000000000000,6.26,40.13,15,2.6753,11.2,
2010,,Alpha and Omega,Crest,17,41,Journey and Return,Animation,2625,3469,25.12,4.8,29.91,20,1.4955,9.1,
2010,,Black Swan       ,Fox,88,86,Wretched Excess,Drama,959,8742,106.95,222.44,329.39,13,25.3377,8.38,Best Actress
2010,,Brooklyn's Finest,Independent,42,47,Temptation,Action,1936,6896,27.2,9.15,36.31,17,2.1359,13.4,
2010,,Buried,Independent,86,63,Escape,Drama,11,9115,1.04,17.33,18.38,2,9.1900,0.103,
2010,,Burlesque,Paramount,36,66,Rags to Riches,Drama,3037,3934,38.24,17.84,56.08,55,1.0196,11.95,
2010,,Case 39,Independent,23,42,Monster Force,Horror,2211,2420,13.26,14.93,28.19,26,1.0842,5.4,
2010,,Cats & Dogs: The Revenge of Kitty Galore,Independent,13,43,Pursuit,Action,3705,3314,43.59,68.9,112.48,85,1.3233,12.3,
2010,,Charlie St. Cloud,Universal,27,62,Discovery,Fantasy,2718,4555,31.16,14.93,46.09,44,1.0475,12.4,
2010,,City Island,Independent,81,77,Transformation,Comedy,2,,6.67,1.19,7.86,6,1.3100,0.032,
2010,,Clash of the Titans,Warner Bros.,28,48,Quest,Action,3777,16213,163.21,330,493.21,125,3.9457,61.2,
2010,,Cyrus,Independent,80,51,Rivalry,Comedy,4,45429,7.47,2.45,9.92,7,1.4171,0.18,
2010,,Date Night,Fox,66,58,Pursuit,Comedy,3374,7471,98.71,53.55,152.26,55,2.7684,25.2,
2010,,Daybreakers,Lionsgate,67,50,Discovery,Action,2523,6003,30.1,21.31,51.42,20,2.5710,15.1,
2010,,Dear John,Sony,29,66,Love,Drama,2969,10262,80.01,34.96,114.98,25,4.5992,30.4,
2010,,Death at a Funeral,Independent,40,48,Comedy,Comedy,2459,6595,42.74,6.31,49.05,21,2.3357,16.2,
2010,,Despicable Me,Universal,81,81,Maturation,Animation,3476,16225,251.38,290.5,541.88,69,7.8533,56.4,
2010,,Devil,Independent,52,45,Monster Force,Horror,2809,4375,33.6,23.23,56.83,10,5.6830,12.3,
2010,,Diary of a Wimpy Kid,Independent,53,49,Underdog,Comedy,3077,7191,64,11.7,75.7,15,5.0467,22.1,
2010,,Dinner for Schmucks,Paramount,43,47,Comedy,Comedy,2911,8082,73.03,13.38,86.41,69,1.2523,23.5,
2010,,Due Date,Warner Bros.,40,56,Comedy,Comedy,3355,9743,99.65,100.9,200.55,50,4.0110,32.69,
2010,,Easy A,Sony,85,75,Maturation,Comedy,2856,6209,58.4,15.24,73.64,8,9.2050,17.7,
2010,,Eat Pray Love,Sony,36,46,Journey and Return,Drama,3082,7497,80.57,123.91,204.48,60,3.4080,23.1,
2010,,Edge of Darkness,Warner Bros.,55,56,Revenge,Crime,3066,5615,43.31,37.81,81.12,80,1.0140,17.2,
2010,,Extraordinary Measures,CBS,27,55,Underdog,Drama,2549,2359,12.07,3.07,15.13,31,0.4881,6,
2010,,Faster,CBS,41,50,Revenge,Action,2454,3873,22.94,1.97,24.91,24,1.0379,8.52,
2010,,From Paris with Love,Independent,38,57,Pursuit,Action,2722,2997,24.08,28.72,52.8,52,1.0154,8.2,
2010,,Furry Vengeance,Summit,8,36,Comedy,Comedy,2997,2211,17.63,18.34,35.97,35,1.0277,6.6,
2010,,Get Him to the Greek,Universal,73,63,Comedy,Comedy,2697,6515,60.97,30.42,91.39,40,2.2848,17.6,
2010,,Going the Distance,Warner Bros.,53,56,Love,Comedy,3030,2272,17.8,24.25,42.05,32,1.3141,6.9,
2010,,Green Zone,Universal,53,60,Quest,Action,3003,4765,35.05,59.82,94.88,100,0.9488,14.3,
2010,,Grown Ups,Independent,10,59,Comedy,Comedy,3534,11462,161.9,105.5,267.4,80,3.3425,40.5,
2010,,Gulliver's Travels,Fox,21,31,Journey and Return,Comedy,2546,2477,42,194,237.38,112,2.1195,6.3,
2010,,Harry Potter and the Deathly Hallows Part 1,Warner Bros.,79,87,Quest,Adventure,4125,30307,295,660,955.41,125,7.6433,125,
2010,,Hot Tub Time Machine,MGM,64,57,Journey and Return,Adventure,2754,5091,50.29,14.13,64.42,36,1.7894,14,
2010,,How to Train Your Dragon,Paramount,98,90,Underdog,Animation,4055,10785,217.58,277.3,494.88,165,2.9993,43.7,
2010,,I Love You Phillip Morris,Independent,71,57,Love,Comedy,100,,1.44,18.66,20.1,15,1.3400,0.11,
2010,,Inception,Warner Bros.,86,93,Journey and Return,Action,3792,16557,292.58,531,823.58,160,5.1474,62.8,
2010,,Iron Man 2,Paramount,74,80,Rivalry,Action,4380,29252,312.43,309.62,622.1,200,3.1105,128.1,
2010,,Jackass 3-D,Paramount,63,72,Comedy,Documentary,3081,16343,117.19,52.76,169.95,20,8.4975,50.4,
2010,,Jonah Hex,Warner Bros.,13,24,Revenge,Action,2825,1904,10.55,0.36,10.9,47,0.2319,5.4,
2010,,Kick-Ass,Independent,76,83,Rivalry,Action,3065,6469,48.07,48.06,96.13,30,3.2043,19.8,
2010,,Killers,Lionsgate,11,45,Love,Action,2859,5539,47.06,46.34,93.4,75,1.2453,15.8,
2010,,Knight and Day,Fox,53,52,Pursuit,Action,3098,6501,76.42,185.26,261.68,117,2.2366,20.2,
2010,,Leap Year,Universal,21,49,Love,Comedy,2511,3665,25.9,6.69,32.61,19,1.7163,9.2,
2010,,Legend of the Guardians: The Owls of Ga'Hoole,Warner Bros.,51,65,Rivalry,Animation,3575,4507,55.64,84.26,139.9,80,1.7488,16.1,
2010,,Legion,Independent,19,36,Monster Force,Action,2476,7069,40.17,27.74,67.91,26,2.6119,17.5,
2010,,Letters to Juliet,Summit,40,62,Love,Comedy,2968,4562,53.03,26.15,79.18,30,2.6393,13.5,
2010,,Life as We Know It,Independent,28,62,Love,Comedy,3150,4605,53.13,43.03,96.16,38,2.5305,14.5,
2010,,Little Fockers,Independent,9,40,Comedy,Comedy,3536,8720,123.69,109.01,232.7,100,2.3270,30.83,
2010,,Love & Other Drugs,Fox,48,55,Love,Comedy,2455,3967,31.68,22.85,54.53,30,1.8177,9.74,
2010,,MacGruber,Independent,47,33,Comedy,Action,2551,1585,8.53,0.8,9.32,10,0.9320,4,
2010,,Machete,Independent,73,66,Revenge,Action,2670,4276,26.59,15.55,42.15,20,2.1075,11,
2010,,Marmaduke,Fox,9,46,Rivalry,Comedy,3213,3610,33.64,49.71,83.36,50,1.6672,11.6,
2010,,Megamind,Paramount,72,73,Transformation,Animation,3944,9743,144.67,173.46,321.88,130,2.4760,46.02,
2010,,Mother and Child,Independent,79,61,Transformation,Drama,4,,1.11,3.76,4.87,7,0.6957,0.43,
2010,,Nanny McPhee Returns,Universal,77,54,Comedy,Comedy,2784,3020,29.01,64.23,93.25,35,2.6643,8.4,
2010,,Paranormal Activity 2,Paramount,,,Monster Force,Horror,3216,12649,84.75,92.75,177.51,3,59.1700,40.67,
2010,,Percy Jackson & the Olympians: The Lightning Thief,Fox,50,57,Rivalry,Action,3356,9308,88.77,137.73,226.5,95,2.3842,31.2,
2010,,Piranha 3-D,The Weinstein Company,74,45,Monster Force,Comedy,2470,4092,25,54.78,79.78,24,3.3242,10.1,
2010,,Predators,Fox,64,52,Monster Force,Action,2669,9277,52,74.74,126.74,40,3.1685,24.8,
2010,,Prince of Persia: The Sands of Time,Disney,36,71,Rivalry,Action,3646,3646,90.76,244.39,335.15,200,1.6758,30,
2010,,Red,Summit,71,72,Rivalry,Action,3255,6686,89.84,74.58,164.42,58,2.8348,21.8,
2010,,Remember Me,Summit,28,70,Love,Drama,2212,3657,19.07,36.79,55.85,16,3.4906,8,
2010,,Repo Men,Universal,22,43,Rescue,Action,2521,2430,13.79,4.62,18.41,32,0.5753,6.1,
2010,,Resident Evil: Afterlife,Highlight Communications,24,53,Monster Force,Action,3203,8320,60.13,236.09,296.22,60,4.9370,26.7,
2010,,Robin Hood,Universal,42,59,Rivalry,Action,3503,10295,105.27,216.4,321.67,200,1.6084,36,
2010,,Salt,Sony,62,62,Revenge,Action,3612,9970,118.31,175.19,293.5,110,2.6682,36,
2010,,Saw 3-D,Independent,10,47,Escape,Crime,2808,8024,45.71,76.8,122.51,20,6.1255,22.53,
2010,,Scott Pilgrim vs. the World,Universal,81,83,Underdog,Action,2818,3765,31.52,16.05,47.58,60,0.7930,10.6,
2010,,Sex and the City 2,Warner Bros.,15,49,Love,Comedy,3445,3445,95.35,193,288.35,100,2.8835,31,
2010,,She's Out of My League,Paramount,57,60,Love,Comedy,2956,3307,32.01,16.8,48.81,20,2.4405,9.8,
2010,,Shrek Forever After,Paramount,57,64,Journey and Return,Animation,4359,16251,238.74,510.06,748.8,165,4.5382,70.8,
2010,,Shutter Island,Paramount,68,73,The Riddle,Drama,2991,13729,128.01,166.79,294.8,80,3.6850,41,
2010,,Skyline,Independent,16,19,Monster Force,Action,2880,4060,21.39,33.87,55.26,10,5.5260,11.69,
2010,,Solitary Man,Independent,81,47,Wretched Excess,Comedy,4,23734,4.36,0.7,5.06,15,0.3373,0.09,
2010,,Step Up 3D,Summit,46,67,Transformation,Drama,2435,6494,42.4,116.75,159.15,30,5.3050,15.8,
2010,,Stone,Independent,49,20,Rivalry,Drama,6,12628,1.81,6.59,8.4,22,0.3818,0.075,
2010,,Takers,Sony,27,57,Rivalry,Action,2206,9298,57.74,10.42,68.16,32,2.1300,20.5,
2010,,Tangled,Disney,89,88,Love,Animation,3603,13535,175.78,179.3,355.08,260,1.3657,48.77,
2010,,The A-Team,Fox,47,71,Pursuit,Action,3535,7262,77.22,99.81,177.03,100,1.7703,25.7,
2010,,The American,Universal,66,37,Rivalry,Crime,2823,4668,35.61,10.39,46,20,2.3000,13.1,
2010,,The Back-up Plan,CBS,20,47,Love,Comedy,3280,3720,37.49,39.6,77.1,35,2.2029,12.2,
2010,,The Book of Eli       ,Independent,48,68,Quest,Action,3111,10540,94.84,58.62,153.45,80,1.9181,32.7,
2010,,The Bounty Hunter,Sony,7,41,Rivalry,Action,3074,6729,67.06,69.26,136.32,40,3.4080,20.7,
2010,,The Chronicles of Narnia: The Voyage of the Dawn Treader,Fox,49,63,Quest,Adventure,3555,6752,104,311,415.68,155,2.6818,24,
2010,,The Crazies,Liberty Starz,72,54,Monster Force,Horror,2476,6489,39.12,15.47,54.59,20,2.7295,16.07,
2010,,The Expendables,Independent,40,58,Pursuit,Action,3270,10650,103.07,171.4,274.47,82,3.3472,34.8,
2010,,The Fighter,Paramount,91,88,Underdog,Drama,2503,4848,93,35,129.19,25,5.1676,12,"Sup. Actor, Sup. Actress"
2010,,The Ghost Writer,Independent,83,68,The Riddle,Mystery,4,,15.54,44.48,60.02,45,1.3338,2,
2010,,The Greatest,Independent,52,39,Discovery,Drama,,,0.11,0.3,0.41,6,0.0683,0.3,
2010,,The Joneses,Independent,61,47,Temptation,Comedy,,,1.48,0.49,6.41,10,0.6410,0.51,
2010,,The Karate Kid,Sony,66,75,Underdog,Action,3663,15197,176.59,182.53,359.13,40,8.9783,55.7,
2010,,The Kids Are All Right,Independent,94,72,Comedy,Comedy,847,4162,20.81,8.55,29.37,4,7.3425,3.5,
2010,,The Killer Inside Me,Independent,56,41,The Riddle,Crime,,,0.22,3.36,3.58,13,0.2754,11.1,
2010,,The King's Speech,Independent,95,93,Maturation,Biography,700,6406,,,245.2,15,16.3467,4.4,"Best Picture, Director,  Actor, Orig. Screenplay"
2010,,The Last Airbender,Paramount,6,42,Quest,Action,3169,12725,131.77,187.35,319.12,150,2.1275,40.3,
2010,,The Last Exorcism,Independent,73,32,Monster Force,Drama,2874,7087,41.03,25.42,66.46,1.8,36.9222,20.4,
2010,,The Last Song,Disney,19,66,Discovery,Drama,2673,5989,62.95,26.09,89.04,20,4.4520,16,
2010,,The Losers,Warner Bros.,47,55,Revenge,Action,2936,3204,23.59,5.79,29.38,25,1.1752,9.4,
2010,,The Next Three Days,Lionsgate,51,66,Rescue,Crime,2564,2552,21.15,20.6,41.75,30,1.3917,6.54,
2010,,The Other Guys,Sony,78,57,Comedy,Action,3651,9735,119.22,51.05,170.27,100,1.7027,35.5,
2010,,The Runaways,Independent,68,56,Maturation,Biography,244,3300,3.57,1.11,4.68,10,0.4680,0.8,
2010,,The Social Network,Sony,96,89,Rags to Riches,Biography,2771,8100,94.08,105.52,199.6,50,3.9920,22.4,
2010,,The Sorcerer's Apprentice,Disney,42,57,Pursuit,Action,3504,5028,63.15,152.13,215.28,150,1.4352,17.6,
2010,,The Switch,Independent,52,44,Comedy,Comedy,2012,4193,27.78,19.95,47.73,19,2.5121,8.4,
2010,,The Tourist,Sony,20,44,,,2756,5977,67,210,278.34,100,2.7834,16,
2010,,The Town,Warner Bros.,94,83,Rivalry,Crime,2856,8322,92.18,52.37,144.55,37,3.9068,23.8,
2010,,The Twilight Saga: Eclipse,Summit,50,74,Monster Force,Drama,4468,14510,300.53,393.05,693.58,68,10.1997,64.8,
2010,,The Wolfman,Universal,33,38,Monster Force,Drama,3222,9770,61.98,77.81,139.79,150,0.9319,31.5,
2010,,Toy Story 3,Disney,99,91,Rescue,Animation,4028,27385,415,648.16,1063.16,200,5.3158,110.3,
2010,,Tron: Legacy,Independent,50,67,Fish Out Of Water,Action,3451,12578,148.21,143.2,291.41,170,1.7142,44.03,
2010,,True Grit,Paramount,96,86,,,3047,8149,171,79,250.93,38,6.6034,24,
2010,,Unstoppable,Fox,86,73,Rescue,Action,3207,7075,80.02,66,146.02,100,1.4602,22.69,
2010,,Valentine's Day,Warner Bros.,17,54,Love,Comedy,3655,15351,110.49,106,216.49,52,4.1633,56.2,
2010,,Vampires Suck,Independent,4,32,Comedy,Comedy,3233,3774,36.66,43.32,79.98,20,3.9990,12.2,
2010,,Wall Street: Money Never Sleeps,Independent,54,43,Rivalry,Drama,3565,5333,52.47,78.16,130.63,70,1.8661,19,
2010,,Why Did I Get Married Too?,Lionsgate,27,67,Comedy,Comedy,2155,13591,60.09,0.58,60.67,20,3.0335,29.3,
2010,,Yogi Bear,,14,36,,Comedy,3515,4669,100,101,201.58,80,2.5198,16.4,
2010,,You Again,Independent,18,45,Comedy,Comedy,2548,3300,25.7,6.16,31.86,20,1.5930,8.4,
2010,,You Will Meet a Tall Dark Stranger,Independent,43,35,Love,Comedy,402,,3.24,23.42,26.66,22,1.2118,0.16,
2010,,Youth in Revolt,The Weinstein Company,68,52,Love,Comedy,1873,3678,15.28,4.34,19.62,18,1.0900,6.9,
2009,,Average,,46.97,57.53,,,2622.62,8464.41,73.59,86.53,160.55,53.63,87.38,21.76,
2009,,2012,Sony,39,63,Escape,Action,3404,19165,165.60,602.40,767.90,200,3.8395,65.3,
2009,,(500) Days of Summer,Fox,87,81,Love,Comedy,817,4577,48.30,9.30,58.60,7.5,7.8133,3.8,
2009,,17 Again,Independent,55,70,Maturation,Comedy,3255,7288,64.20,72.10,136.30,20,6.8150,23.7,
2009,,A Christmas Carol,Disney,52,72,Transformation,Animation,3683,8159,137.90,185.70,323.60,190,1.7032,30.1,
2009,,A Serious Man,Universal,89,64,Love,Drama,6,41890,9.20,7.10,20.50,7,2.9286,0.3,
2009,,Alvin and the Chipmunks: The Squeakquel,Independent,21,59,Comedy,Animation,3700,13210,219.50,221.30,440.70,75,5.8760,48.8,
2009,,Angels & Demons,Sony,36,65,The Riddle,Mystery,3527,13100,133.40,352.60,485.90,150,3.2393,46.2,
2009,,Avatar,Fox,83,92,Metamorphosis,Action,3452,22313,743.80,1969.00,2712.85,237,11.4466,77,
2009,,Bride Wars,Fox,11,56,Comedy,Comedy,3226,6528,100.40,13.40,114.70,30,3.8233,21.1,
2009,,Bruno,Universal,68,48,Comedy,Comedy,2756,11110,60.10,70.70,130.80,42,3.1143,30.6,
2009,,Cloudy with a Chance of Meatballs,Sony,86,70,Comedy,Animation,3119,9716,124.90,87.80,212.70,100,2.1270,30.3,
2009,,Coraline,Universal,89,77,Journey and Return,Animation,2299,7329,75.30,46.60,121.90,60,2.0317,16.8,
2009,,Couples Retreat,Universal,12,47,Comedy,Comedy,3000,11429,109.20,57.20,166.40,60,2.7733,34.3,
2009,,District 9,Independent,91,81,Metamorphosis,Action,3049,12251,115.60,89.20,204.80,30,6.8267,37.4,
2009,,Drag Me to Hell,Universal,92,61,Monster Force,Horror,2508,6310,77.20,8.10,86.70,30,2.8900,15.8,
2009,,Fame,MGM,25,43,Maturation,Comedy,3096,3234,22.50,55.50,78.00,18,4.3333,10,
2009,,Fast and Furious,Universal,28,76,Revenge,Action,3461,20500,155.10,188.00,343.00,85,4.0353,70.9,
2009,,Friday the 13th,Paramount,25,52,Monster Force,Horror,3105,13066,65.00,26.40,91.40,19,4.8105,40.6,
2009,,G-Force,Disney,22,50,Comedy,Action,3697,8576,119.40,165.60,285.10,82.5,3.4558,31.7,
2009,,G.I. Joe: The Rise of Cobra,Paramount,33,62,Pursuit,Action,4007,13654,150.20,151.90,302.10,175,1.7263,54.7,
2009,,Hannah Montana: The Movie,Disney,44,66,Maturation,Comedy,3118,10367,79.58,70.52,150.09,35,4.2883,32.3,
2009,,Harry Potter and the Half-Blood Prince,Warner Bros.,83,75,Quest,Adventure,4325,17997,302.00,632.00,934.00,250,3.7360,77.8,
2009,,He's Just Not That Into You,Warner Bros.,42,60,Love,Comedy,3175,8751,94.00,84.50,178.40,25,7.1360,27.8,
2009,,Ice Age: Dawn of the Dinosaurs,Fox,45,72,Quest,Animation,4099,10171,196.60,687.90,884.50,90,9.8278,41.7,
2009,,Inglourious Basterds,Universal,88,87,Underdog,Adventure,3135,12024,120.50,193.00,313.60,70,4.4800,38,Supporting Actor
2009,,Inkheart,Warner Bros.,39,51,Quest,Adventure,2655,2862,43.30,16.90,62.50,60,1.0417,7.6,
2009,,Invictus,Warner Bros.,75,74,Underdog,Biography,2125,4052,38.10,11.60,53.90,60,0.8983,8.6,
2009,,It's Complicated,Universal,56,63,Love,Comedy,2887,7655,112.73,105.40,218.10,75,2.9080,22.1,
2009,,Knowing,Independent,33,50,Escape,Drama,3332,7384,146.30,37.00,183.30,50,3.6660,24.6,
2009,,Monsters Vs. Aliens,Paramount,72,65,Monster Force,Animation,4104,14454,198.40,183.20,381.50,175,2.1800,59.3,
2009,,My Bloody Valentine 3-D,Lionsgate,57,48,Pursuit,Crime,2534,8383,38.60,60.80,100.00,14,7.1429,21.2,
2009,,Night at the Museum: Battle of the Smithsonian,Fox,43,60,Quest,Action,4096,13226,177.20,235.80,413.00,150,2.7533,54.2,
2009,,Notorious,Fox,50,66,Tragedy,Biography,1638,12514,20.40,19.00,40.50,19,2.1316,20.5,
2009,,Obsessed,Sony,20,50,Rivalry,Drama,2514,11318,41.00,32.40,73.80,20,3.6900,28.6,
2009,,Paranormal Activity,Independent,82,56,Monster Force,Horror,760,25813,107.92,63.41,171.30,0.015,11420.0000,19.6,
2009,,Paul Blart: Mall Cop,Sony,33,50,Comedy,Action,3144,10125,80.00,103.30,183.30,26,7.0500,31.8,
2009,,Planet 51,Independent,22,45,Comedy,Animation,3035,4048,51.90,19.60,73.40,50,1.4680,12.3,
2009,,Saw VI,Independent,40,67,Escape,Horror,3036,4650,31.80,17.00,49.30,11,4.4818,14.1,
2009,,Sherlock Holmes,Warner Bros.,70,81,The Riddle,Action,3626,17183,197.60,197.00,394.60,90,4.3844,62.3,
2009,,Star Trek,Paramount,94,91,Revenge,Action,3849,19539,257.70,127.80,385.50,140,2.7536,75.2,
2009,,Taken,Independent,58,83,Pursuit,Action,3183,7765,145.00,81.80,226.80,25,9.0720,24.7,
2009,,Terminator Salvation,Independent,33,64,Monster Force,Action,3530,12056,125.30,246.70,372.00,200,1.8600,42.6,
2009,,The Blind Side,Independent,65,90,Rags To Riches,Biography,3110,10971,255.80,39.30,295.10,29,10.1759,34.1,Best Actress
2009,,Fantastic Mr. Fox,Fox,93,80,Rivalry,Animation,2033,3426,20.50,21.80,42.78,40,1.0695,7,
2009,,The Final Destination,Warner Bros.,29,52,Escape,Horror,3121,8782,66.50,86.10,152.60,40,3.8150,27.4,
2009,,The Hangover,Warner Bros.,79,87,Comedy,Comedy,3269,13759,277.30,190.00,467.30,35,13.3514,45,
2009,,The Hurt Locker,Independent,97,83,Quest,Drama,4,36338,14.70,3.40,18.10,15,1.2067,0.14,"Best Picture, Director, Original Screenplay"
2009,,The Lovely Bones,Paramount,32,57,Tragedy,Drama,2563,6635,44.00,48.30,92.30,65,1.4200,17,
2009,,The Men Who Stare at Goats,Independent,52,43,Comedy,Comedy,2443,5201,32.40,15.80,48.20,24,2.0083,12.7,
2009,,The Proposal,Disney,43,74,Love,Comedy,3056,11004,164.00,150.70,314.70,40,7.8675,33.6,
2009,,The Road,The Weinstein Company,75,65,Quest,Adventure,111,13534,7.90,6.50,14.30,25,0.5720,1.5,
2009,,The Taking of Pelham 1 2 3,Sony,51,60,Rescue,Action,3074,7603,65.50,84.60,150.00,110,1.3636,4.7,
2009,,The Time Traveler's Wife,Paramount,38,65,Love,Drama,2988,6233,40.60,37.60,79.70,39,2.0436,18.6,
2009,,The Twilight Saga: New Moon,Summit,27,78,Love,Drama,4024,35497,293.80,410.30,704.20,50,14.0840,142.8,
2009,,The Ugly Truth,Independent,14,68,Love,Comedy,2882,9579,88.90,116.40,205.30,38,5.4026,27.6,
2009,,The Unborn,Relativity Media,11,39,Monster Force,Horror,2357,8405,35.90,40.00,76.50,16,4.7813,19.8,
2009,,Transformers: Revenge of the Fallen,Paramount,20,76,Revenge,Action,4234,25736,402.10,434.20,836.30,210,3.9824,109,
2009,,Underworld: Rise of the Lycans,Sony,30,68,Rivalry,Action,2942,7080,37.00,50.80,91.10,35,2.6029,20.8,
2009,,Up,Disney,98,86,Journey and Return,Animation,3766,18085,293.00,434.00,727.10,175,4.1549,68.1,Animated
2009,,Up in the Air,Paramount,90,76,Maturation,Drama,1895,5947,83.82,78.20,162.02,25,6.4808,11.2,
2009,,Watchmen,Warner Bros.,64,68,Sacrifice,Action,3611,15291,107.50,77.70,185.30,138,1.3428,55.2,
2009,,Where the Wild Things Are,Warner Bros.,73,59,Journey and Return,Adventure,3735,8754,63.40,16.30,85.30,100,0.8530,32.7,
2009,,X-Men Origins: Wolverine,Fox,37,72,Revenge,Action,4099,20751,179.90,193.20,373.10,150,2.4873,85.1,
2009,,Zombieland,Sony,90,87,Monster Force,Action,3036,8147,49.20,42.50,93.30,23.6,3.9534,24.7,
2008,,Average,,46.34,58.74,,,2719.68,7373.23,59.62,75.72,124.34,50.19,3.37,19.60,
2008,,"10,000 B.C.",Warner Bros.,9,44,Rescue,Adventure,3410,10518,94.78,175.00,269.10,105.00,2.5629,35.9,
2008,,27 Dresses,Fox,40,71,Love,Comedy,3057,7526,76.81,83.50,160.30,30.00,5.3433,23.01,
2008,,Australia,Fox,55,69,Fish Out of Water,Adventure,2642,5602,46.69,161.80,129.40,78.00,1.6590,14.8,
2008,,Baby Mama,Independent,63,59,Discovery,Comedy,2543,6845,60.32,3.70,63.90,70.00,0.9129,17.41,
2008,,Bedtime Stories,Disney,25,63,rivalry,Comedy,3681,7457,85.35,102.77,85.40,80.00,1.0675,27.5,
2008,,Beverly Hills Chihuahua,Disney,41,56,Journey and Return,Adventure,3215,9114,93.12,54.76,116.00,20.00,5.8000,29.3,
2008,,Body of Lies,Warner Bros.,53,65,Temptation,Action,2710,4754,39.19,75.70,17.50,67.50,0.2593,12.9,
2008,,Bolt,Disney,89,76,rescue,Animation,3651,7182,109.90,195.93,289.30,150.00,1.9287,26.2,
2008,,Burn After Reading,Relativity Media,78,64,Comedy,Comedy,2651,7215,60.36,103.36,154.80,37.00,4.1838,19.13,
2008,,Changeling,Independent,62,84,quest,Drama,,,35.69,77.28,66.90,55.00,1.2164,9.4,
2008,,City of Ember,Independent,52,48,escape,Adventure,,,7.84,3.94,11.78,38.00,0.3100,3.13,
2008,,Cloverfield,Paramount,77,67,Monster Force,Action,3411,11744,80.05,90.72,170.80,25.00,6.8320,40.1,
2008,,Death Race,Universal,42,69,escape,Action,2532,4985,36.10,75.67,73.80,65.00,1.1354,12.62,
2008,,"Definitely, Maybe",Universal,71,72,Discovery,Comedy,2204,4430,32.01,23.20,55.00,7.00,7.8571,9.76,
2008,,Disaster Movie,Lionsgate,2,28,Rescue,Comedy,2642,2209,14.19,20.62,34.50,20.00,1.7250,5.8,
2008,,Doomsday,Relativity Media,48,47,Quest,Action,1936,2544,11.01,11.20,21.60,33.00,0.6545,4.9,
2008,,Doubt,Independent,78,75,riddle,Drama,,,18.73,17.46,18.70,25.00,0.7480,5.3,
2008,,Dr. Seuss' Horton Hears a Who!,Fox,79,75,rescue,Animation,3954,11384,154.53,142.60,297.00,85.00,3.4941,45,
2008,,Drillbit Taylor,Paramount,26,49,Comedy,Comedy,3056,3373,32.86,16.82,49.70,40.00,1.2425,10.3,
2008,,Eagle Eye,Paramount,27,72,pursuit,Action,3510,8305,101.18,76.62,175.90,80.00,2.1988,29.2,
2008,,Fireproof,Independent,40,51,love,Drama,839,8148,33.45,0.02,33.45,0.50,66.9000,6.84,
2008,,First Sunday,Independent,13,59,Comedy,Comedy,2213,8004,37.93,0.87,38.80,13.00,2.9846,17.7,
2008,,Fly Me to the Moon,Independent,18,26,Journey and Return,Animation,,,12.42,27.90,32.60,25.00,1.3040,1.9,
2008,,Fool's Gold,Warner Bros.,11,53,Quest,Adventure,3125,6909,70.23,,110.60,72.50,1.5255,21.6,
2008,,Forgetting Sarah Marshall,Independent,85,75,maturation,Comedy,2798,6791,62.93,42.00,104.80,30.00,3.4933,17.73,
2008,,Four Christmases,Warner Bros.,26,52,love,Comedy,,,118.25,43.58,149.60,80.00,1.8700,31.07,
2008,,Get Smart,Warner Bros.,51,73,Pursuit,Action,3911,9891,130.32,100.37,230.50,80.00,2.8813,38.7,
2008,,Ghost Town,Paramount,85,60,transformation,Comedy,1505,3330,13.25,13.71,24.00,20.00,1.2000,5.01,
2008,,Gran Torino,Independent,80,90,Temptation,Drama,,,148.10,114.25,262.34,167.00,1.5709,29.48,
2008,,Hancock,Sony,40,67,Discovery,Action,3965,15789,227.95,396.44,624.40,150.00,4.1627,62.6,
2008,,Harold and Kumar Escape from Guantanamo Bay,Warner Bros.,54,65,escape,Adventure,2510,5939,38.11,5.38,43.30,12.00,3.6083,14.91,
2008,,Hellboy II: The Golden Army,Universal,87,70,sacrifice,Action,3204,10780,75.79,84.40,158.90,82.50,1.9261,34.5,
2008,,High School Musical 3: Senior Year,Disney,65,76,love,Comedy,3623,11601,89.70,162.35,240.70,11.00,21.8818,42.03,
2008,,Igor,Independent,36,42,Temptation,Animation,2339,,19.44,11.22,27.60,30.00,0.9200,7.8,
2008,,In Bruges,Independent,81,85,Fish Out of Water,Crime,,,7.80,25.59,32.00,15.00,2.1333,0.46,
2008,,Indiana Jones and the Kingdom of the Crystal Skull,Paramount,77,59,Pursuit,Action,4260,23507,317.02,469.53,786.60,185.00,4.2519,100.1,
2008,,Iron Man,Paramount,94,91,Metamorphosis,Action,4105,24024,318.31,266.76,581.90,186.00,3.1285,98.62,
2008,,Journey to the Center of the Earth,Warner Bros.,61,55,Quest,Action,2811,7477,101.70,140.29,220.70,45.00,4.9044,21,
2008,,Jumper,Fox,16,50,Rescue,Action,3428,7980,80.17,142.06,222.20,82.50,2.6933,27.4,
2008,,Kit Kittredge: An American Girl,Warner Bros.,78,26,riddle,Drama,,,17.66,N/A,17.70,10.00,1.7700,3.3,
2008,,Kung Fu Panda,Paramount,88,83,Underdog,Animation,4114,14642,215.43,416.31,631.90,200.00,3.1595,60.24,
2008,,Lakeview Terrace,Sony,46,44,rivalry,Crime,2464,6090,39.26,5.39,43.80,20.00,2.1900,15,
2008,,Leatherheads,Universal,52,41,Rivalry,Comedy,2769,4580,31.23,9.93,41.00,58.00,0.7069,12.7,
2008,,Mad Money,Independent,22,51,Comedy,Comedy,2470,3132,20.67,5.74,26.10,22.00,1.1864,7.74,
2008,,Madagascar: Escape 2 Africa,Paramount,64,73,Journey and Return,Animation,4056,1559,176.93,423.89,462.30,150.00,3.0820,63.11,
2008,,Made of Honor,Sony,13,61,Love,Comedy,2729,5407,46.01,59.95,106.00,40.00,2.6500,14.76,
2008,,Mamma Mia!,Universal,53,76,Love,Comedy,2976,9325,143.76,465.71,572.20,66.00,8.6697,27.75,
2008,,Marley and Me,Fox,63,77,love,Comedy,3480,10448,106.51,99.56,111.80,55.00,2.0327,36.36,
2008,,Max Payne,Fox,16,36,Revenge,Action,3376,5225,40.66,44.73,84.20,35.00,2.4057,17.6,
2008,,Meet Dave,Fox,19,42,Fish Out of Water,Adventure,3011,1744,11.80,38.85,50.50,60.00,0.8417,5.25,
2008,,Meet the Spartans,Independent,2,31,comedy,Comedy,2605,7104,38.23,46.41,84.60,30.00,2.8200,18.51,
2008,,Milk,Universal,94,88,quest,Biography,36,40385,31.84,18.32,50.16,20.00,2.5080,1.5,"Best Actor, Original Screenplay"
2008,,Mirrors,Independent,14,49,monster force,Horror,2664,4190,30.69,46.80,73.40,35.00,2.0971,11.2,
2008,,Miss Pettigrew Lives for a Day,Independent,78,70,Love,Comedy,535,4655,12.31,2.86,15.17,60.00,0.2528,2.49,
2008,,My Best Friend's Girl,Lionsgate,14,51,Comedy,Comedy,2604,3174,19.22,22.40,36.20,20.00,1.8100,8.27,
2008,,Nim's Island,Independent,51,50,rescue,Adventure,3513,3760,48.01,52.07,99.90,37.00,2.7000,13.2,
2008,,Penelope,Summit,52,74,love,Comedy,,,10.01,10.73,20.75,15.00,1.3833,3.8,
2008,,Pineapple Express,Sony,68,74,Comedy,Action,3072,7567,87.34,14.28,101.50,26.00,3.9038,23.2,
2008,,Pride & Glory,Warner Bros.,34,54,Temptation,Crime,2585,2423,15.74,15.41,23.80,30.00,0.7933,6.26,
2008,,Prom Night,Independent,8,46,escape,Horror,2700,7705,43.87,,57.20,18.00,3.1778,20.81,
2008,,Punisher: War Zone,Lionsgate,27,47,Revenge,Action,2508,1703,8.05,0.15,8.19,30.00,0.2730,4.3,
2008,,Quantum of Solace,MGM,64,62,Revenge,Action,3451,19568,166.80,,567.00,230.00,2.4652,67.5,
2008,,Quarantine,Sony,59,46,Monster Force,Horror,2461,5775,31.69,,37.20,12.00,3.1000,14.2,
2008,,Rachel Getting Married,Independent,85,61,love,Drama,,,10.33,0.53,10.86,12.00,0.9047,0.29,
2008,,Rambo,Lionsgate,36,70,Rescue,Action,2751,6617,42.75,,113.20,47.50,2.3832,18.2,
2008,,Role Models,Universal,77,75,Discovery,Comedy,2792,6865,66.69,25.09,66.70,28.00,2.3821,19.17,
2008,,Saw V,Independent,13,63,Monster Force,Crime,3030,9822,56.75,57.12,103.60,10.80,9.5926,30.1,
2008,,Semi-Pro,Warner Bros.,21,41,underdog,Comedy,3121,4830,33.48,10.41,43.90,2.60,16.8846,15.08,
2008,,Sex and the City,Warner Bros.,49,81,love,Comedy,3285,17363,152.65,262.61,415.10,57.50,7.2191,57.04,
2008,,Sex Drive,Summit,46,61,Journey and Return,Adventure,2421,1490,8.40,2.01,10.41,19.00,0.5479,3.61,
2008,,Slumdog Millionaire,Independent,94,90,Underdog,Crime,,,101.89,236.59,198.00,15.00,13.2000,4.3,"Best Picture, Director, Adapted Screenplay"
2008,,Smart People,Independent,50,41,Transformation,Comedy,1106,3700,9.51,2.14,11.65,7.00,1.6645,4.09,
2008,,Space Chimps,Independent*,36,37,Transformation,Animation,2511,2860,30.11,34.73,63.80,37.00,1.7243,7.18,
2008,,Speed Racer,Warner Bros.,38,61,Quest,Action,3606,5174,43.95,50.00,93.40,120.00,0.7783,18.6,
2008,,Star Wars: The Clone Wars,Independent,19,46,sacrifice,Animation,3452,4233,35.16,33.12,65.60,8.50,7.7176,14.6,
2008,,Step Brothers,Sony,54,68,Comedy,Comedy,3094,10000,100.47,27.64,128.00,65.00,1.9692,30.94,
2008,,Step Up 2: The Streets,Disney,26,81,underdog,Drama,2470,7655,58.02,92.80,148.20,17.50,8.4686,18.91,
2008,,Stop-Loss,Paramount,65,27,Tragedy,Drama,1291,3528,10.92,0.26,11.18,25.00,0.4470,4.56,
2008,,Street Kings,Fox,37,62,The Riddle,Action,2467,5054,26.42,39.15,63.60,20.00,3.1800,12.5,
2008,,Superhero Movie,The Weinstein Company,15,36,Comedy,Comedy,2960,3212,25.87,45.35,71.10,65.00,1.0938,9.51,
2008,,Swing Vote,Disney,36,44,maturation,Comedy,2213,2815,16.29,1.34,33.40,20.00,1.6700,6.23,
2008,,The Bank Job,Independent,78,74,Quest,Thriller,1603,3702,30.06,34.76,63.80,20.00,3.1900,5.94,
2008,,The Boy in the Striped Pyjamas,Independent,63,84,Tragedy,Drama,,,8.70,31.37,33.00,12.50,2.6400,1.03,
2008,,The Chronicles of Narnia: Prince Caspian,Disney,66,78,fish out of water,Action,3929,14007,141.62,278.04,419.60,200.00,2.0980,55.03,
2008,,The Curious Case of Benjamin Button,Warner Bros.,73,81,love,Fantasy,2988,8987,79.01,206.42,322.00,160.00,2.0125,26.85,
2008,,The Dark Knight,Warner Bros.,94,96,Revenge,Thriller,4366,36283,530.92,468.58,996.90,185.00,5.3886,158.4,Supporting Actor
2008,,The Day the Earth Stood Still,Fox,19,34,Sacrifice,Thriller,3560,8562,74.30,153.73,230.00,100.00,2.3000,30.5,
2008,,The Duchess,Paramount,60,68,Love,Drama,,,13.85,29.46,34.30,13.50,2.5407,3.3,
2008,,The Express,Independent,62,73,Maturation,Biopic,2808,1625,9.79,0.01,9.81,37.50,0.2616,4.56,
2008,,The Eye,Lionsgate,22,51,Sacrifice,Horror,2436,5101,31.42,25.55,56.80,12.00,4.7333,12.4,
2008,,The Forbidden Kingdom,Relativity Media,64,65,journey and return,Action,3151,6791,52.08,75.90,128.80,55.00,2.3418,21.4,
2008,,The Incredible Hulk,Universal,67,75,Metamorphosis,Action,3505,15810,134.53,128.62,262.50,137.50,1.9091,55.14,
2008,,The Longshots,Independent,39,39,Quest,Comedy,2089,1953,11.51,0.23,11.74,30.00,0.3914,4,
2008,,The Love Guru,Paramount,14,38,Comedy,Comedy,3505,15810,32.20,8.63,40.80,62.00,0.6581,13.91,
2008,,The Other Boleyn Girl,Independent,41,65,tragedy,Drama,1166,7035,26.81,50.90,77.20,40.00,1.9300,8.2,
2008,,The Ruins,Paramount,46,32,rescue,Horror,2812,2846,17.43,5.30,22.60,25.00,0.9040,8,
2008,,The Secret Life of Bees,Fox,56,78,Maturation,Drama,1591,6617,37.43,2.18,37.80,11.00,3.4364,10.53,
2008,,The Spiderwick Chronicles,Paramount,79,67,fish out of water,Fantasy,3847,4940,71.20,91.64,162.80,92.50,1.7600,19,
2008,,The Spirit,Lionsgate,14,29,rivalry,Action,2509,2576,17.75,19.23,21.50,6.00,3.5833,6.5,
2008,,The Strangers,Relativity Media,44,48,Escape,Horror,2466,8515,52.60,29.79,77.60,9.00,8.6222,20.99,
2008,,The Tale of Despereaux,Universal,54,46,Rescue,Animation,3104,3255,50.87,37.84,88.72,55.00,1.6131,10.1,
2008,,The Visitor,Independent,92,83,Transformation,Drama,,,9.43,8.65,18.08,4.00,4.5195,0.09,
2008,,The Women,Warner Bros.,13,41,Transformation,Drama,2962,3415,26.90,23.11,46.10,16.00,2.8813,10.12,
2008,,The X-Files: I Want to Believe,Fox,32,34,monster force,Thriller,3185,3147,20.98,47.39,68.30,35.00,1.9514,10.1,
2008,,Traitor,Liberty Starz,55,66,Pursuit,Thriller,2054,3831,23.53,4.13,25.30,22.00,1.1500,7.9,
2008,,Transporter 3,Independent,36,58,escape,Action,2626,4594,31.72,77.26,60.90,30.00,2.0300,12.06,
2008,,Tropic Thunder,Paramount,83,69,fish out of water,Comedy,3319,7777,110.46,77.58,188.00,90.00,2.0889,25.81,
2008,,Twilight,Summit,49,82,Love,Romance,3419,20368,176.82,199.85,246.50,37.00,6.6622,69.64,
2008,,Tyler Perry's Meet the Browns,Independent,31,36,Discovery,Drama,2006,10011,41.98,0.00,41.98,20.00,2.0990,20.08,
2008,,Tyler Perry's The Family That Preys,Independent,51,36,Discovery,Drama,2070,8397,37.11,0.00,37.11,10.00,3.7110,17.38,
2008,,Untraceable,Independent,14,56,riddle,Thriller,2368,4795,28.69,23.97,52.50,35.00,1.5000,11.4,
2008,,Valkyrie,MGM,58,66,Sacrifice,Thriller,2711,7756,60.69,117.20,184.00,75.00,2.4533,21.03,
2008,,Vicky Cristina Barcelona,The Weinstein Company,82,73,temptation,Romance,692,5427,22.84,,77.20,16.00,4.8250,3.76,
2008,,WALL-E,Disney,96,89,love,Animation,3992,15803,223.78,,507.30,180.00,2.8183,63.09,Animated
2008,,Wanted,Universal,73,72,Transformation,Action,3175,16040,134.33,,342.10,75.00,4.5613,50.93,
2008,,"Welcome Home, Roscoe Jenkins",Universal,24,64,discovery,Comedy,2387,6790,42.19,,43.40,27.50,1.5782,16.21,
2008,,What Happens in Vegas,Fox,28,72,Love,Comedy,3215,6274,80.28,,219.30,150.00,1.4620,20.17,
2008,,Yes Man,Warner Bros.,43,72,Transformation,Comedy,3434,5318,79.41,,113.40,50.00,2.2680,18.26,
2008,,You Don't Mess with the Zohan,Sony,36,50,fish out of water,Comedy,3462,11130,100.02,,201.80,80.00,2.5225,38.53,
2008,,Zack and Miri Make a Porno,The Weinstein Company,64,70,Love,Romance,3735,3680,31.30,,36.60,24.00,1.5250,10.07,
2007,,Average,,50.72,68.01,,,2754.85,8189.84,86.10,105.38,191.47,62.93,3.61,25.78,
2007,,Juno,Fox,94,89,Maturation,Comedy,1019,10436,143.50,87.69,231.18,7.50,30.8246,10.6,Original Screenplay
2007,,Saw IV,Independent,18,70,Escape,Horror,3183,9976,63.30,76.05,139.35,10.00,13.9353,31.7,
2007,,Waitress,Independent,89,67,Love,Romance,605,3327,19.07,3.10,22.18,2.00,11.0897,2,
2007,,Superbad,Sony,88,87,Comedy,Comedy,2948,11211,121.46,48.41,169.87,20.00,8.4936,33,
2007,,The Simpsons Movie,Fox,90,78,Maturation,Comedy,3922,18877,183.14,343.93,527.07,75.00,7.0276,74,
2007,,300,Warner Bros.,60,90,Sacrifice,Action,3103,22844,210.61,245.45,456.07,65.00,7.0164,70.9,
2007,,The Game Plan,Disney,27,75,Discovery,Comedy,3103,7396,90.64,57.23,147.87,22.00,6.7213,22.9,
2007,,Knocked Up,Universal,91,83,Love,Comedy,2871,10690,148.77,70.23,219.00,33.00,6.6364,30.7,
2007,,No Country for Old Men,Paramount,95,84,Pursuit,Drama,860,9042,74.28,86.72,161.00,25.00,6.4400,7.8,"Best Picture, Director, Supporting Actor, Adapted Screenplay"
2007,,Harry Potter and the Order of the Phoenix,Warner Bros.,78,82,Quest,Adventure,4285,17998,292,647.88,939.88,150,6.2659,77.1,
2007,,Disturbia,Paramount,67,75,Pursuit,Thriller,2925,7598,80.21,37.55,117.76,20.00,5.8880,22.2,
2007,,Hitman,Fox,15,61,Quest,Action,2458,5362,39.69,60.28,99.96,17.50,5.7122,13.2,
2007,,Stomp the Yard,Independent,27,83,Maturation,Musical,2051,10645,61.36,14.15,75.51,14.00,5.3937,21.9,
2007,,Alvin and the Chipmunks,Fox,26,73,Comedy,Animation,3475,12750,217.33,143.14,360.47,70.00,5.1495,44.3,
2007,,P.S. I Love You,Independent,21,82,Love,Romance,2454,2641,53.70,99.40,153.09,30.00,5.1031,6.5,
2007,,Shrek the Third,Paramount,42,57,Quest,Animation,4122,29507,322.72,476.24,798.96,160.00,4.9935,121.6,
2007,,Transformers,Paramount,57,89,Monster Force,Action,4011,17577,319.25,389.03,708.27,150.00,4.7218,70.5,
2007,,Epic Movie,Independent,2,38,Comedy,Comedy,2801,6644,39.74,47.13,86.87,20.00,4.3433,18.6,
2007,,Premonition,Sony,8,55,The Riddle,Drama,2831,6202,47.85,36.14,84.00,20.00,4.1998,17.6,
2007,,Ratatouille,Disney,97,84,Transformation,Animation,3940,11935,206.45,414.98,621.42,150.00,4.1428,47,Animated
2007,,The Bourne Ultimatum,Universal,93,91,Pursuit,Thriller,3660,18929,227.47,215.35,442.82,110.00,4.0257,69.3,
2007,,Enchanted,Disney,93,80,Love,Comedy,3730,9233,127.81,212.68,340.49,85.00,4.0057,34.4,
2007,,Sicko,The Weinstein Company,93,87,quest,Documentary,702,5128,24.54,11.23,35.77,9.00,3.9742,3.6,
2007,,Halloween,The Weinstein Company,26,64,Pursuit,Horror,3472,7592,58.27,20.20,78.47,20.00,3.9235,26.4,
2007,,I Am Legend,Warner Bros.,69,69,Quest,Thriller,3606,21411,256.39,327.76,584.16,150.00,3.8944,77.2,
2007,,The Bucket List,Warner Bros.,41,81,discovery,Drama,2911,6661,93.47,80.84,174.31,45.00,3.8736,19.4,
2007,,Tyler Perry's Why Did I get Married,Independent,46,47,Love,Romance,2011,10618,55.20,0.66,55.86,15.00,3.7242,21.4,
2007,,Michael Clayton,Independent,90,72,Transformation,Thriller,2511,4131,49.03,43.96,92.99,25.00,3.7197,10.4,Supporting Actress
2007,,Into the Wild,Paramount,82,90,quest,Drama,658,3249,18.35,37.28,55.63,15.00,3.7090,2.1,
2007,,Ocean's 13,Warner Bros.,70,74,Revenge,Thriller,3565,10135,117.15,194.16,311.31,85.00,3.6625,36.1,
2007,,The Kite Runner,Paramount,66,85,Maturation,Drama,715,2243,15.80,57.39,73.19,20.00,3.6597,1.6,
2007,,Music and Lyrics,Warner Bros.,63,70,Love,Romance,,,50.57,95.32,145.90,40.00,3.6474,13.6,
2007,,Hostel: Part II,Lionsgate,44,45,Escape,Horror,2350,3490,17.61,18.01,35.62,10.00,3.5620,8.2,
2007,,National Treasure: Book of Secrets,Disney,31,72,The Riddle,Thriller,3832,11686,219.96,237.40,457.36,130.00,3.5182,44.8,
2007,,Live Free or Die Hard,Fox,79,86,Rescue,Action,3408,9791,134.53,249.00,383.53,110.00,3.4866,33.4,
2007,,Spider-Man 3,Sony,61,54,Metamorphosis,Action,4252,35540,336.53,554.34,890.87,258.00,3.4530,151.1,
2007,,Smokin' Aces,Universal,27,64,Pursuit,Action,2218,6599,35.79,21.32,57.10,17.00,3.3591,14.6,
2007,,Alien vs. Predator -- Requiem,Fox,14,37,Monster Force,Horror,2611,3853,41.80,87.09,128.88,40.00,3.2221,10,
2007,,Pirates of the Caribbean: At World's End,Disney,45,74,Rescue,Action,4362,26302,309.42,651.58,961.00,300.00,3.2033,114.7,
2007,,The Mist,The Weinstein Company,72,64,Monster Force,Horror,2423,3686,25.59,31.24,56.83,18.00,3.1572,8.9,
2007,,Sweeney Todd: The Demon Barber of Fleet Street,Warner Bros.,86,81,Revenge,Musical,1249,7446,52.90,99.63,152.52,50.00,3.0505,9.3,
2007,,There Will Be Blood,Paramount,91,84,Wretched Excess,Drama,885,5502,40.22,35.96,76.18,25.00,3.0473,4.9,Best Actor
2007,,Daddy Day Camp,Sony,1,63,Comedy,Comedy,2332,1459,13.24,4.96,18.20,6.00,3.0329,3.4,
2007,,Wild Hogs,Disney,14,72,Transformation,Comedy,3287,12077,168.27,85.35,253.63,90.00,2.8181,39.7,
2007,,Mr. Magorium's Wonder Emporium,Independent,36,56,Transformation,Fantasy,3164,3043,32.06,36.89,68.95,25.00,2.7579,6.9,
2007,,Hairspray,Warner Bros.,92,84,Underdog,Musical,3121,8803,118.87,83.68,202.55,75.00,2.7006,27.5,
2007,,American Gangster,Universal,79,87,pursuit,Thriller,3054,14264,130.16,137.74,267.90,100.00,2.6790,43.6,
2007,,Norbit,Paramount,9,56,Comedy,Comedy,3136,10904,95.67,63.64,159.31,60.00,2.6552,34.2,
2007,,We Own the Night,Sony,55,63,Sacrifice,Drama,2362,4583,28.56,26.26,54.83,21.00,2.6108,10.8,
2007,,The Hills Have Eyes 2,Independent,11,50,Monster Force,Horror,2447,3958,20.80,16.66,37.47,15.00,2.4977,9.7,
2007,,Mr. Brooks,MGM,56,75,Temptation,Thriller,2453,4083,28.55,19.57,48.12,20.00,2.4061,10,
2007,,Blades of Glory,Paramount,69,66,Rivalry,Comedy,3372,9790,118.59,27.11,145.71,61.00,2.3887,33,
2007,,The Nanny Diaries,The Weinstein Company,33,52,Discovery,Comedy,2629,2845,25.93,21.07,47.00,20.00,2.3500,7.5,
2007,,30 Days of Night,Independent,50,,Monster Force,Horror,2855,5587,39.57,35.53,75.10,32.00,2.3467,15.6,
2007,,Fantastic Four: Rise of the Silver Surfer,Fox,35,55,Monster Force,Action,3959,14663,131.92,157.13,289.05,130.00,2.2234,58,
2007,,I Now Pronounce You Chuck and Larry,Universal,13,73,Comedy,Comedy,3495,9795,120.06,65.99,186.05,85.00,2.1889,34.2,
2007,,The Heartbreak Kid,Paramount,30,41,Love,Comedy,3229,4342,36.79,90.98,127.77,60.00,2.1294,14,
2007,,Ghost Rider,Sony,28,56,Monster Force,Action,3619,12541,115.80,112.94,228.74,110.00,2.0794,45.3,
2007,,The Golden Compass,Warner Bros.,42,55,Rescue,Action,3528,7308,70.11,302.13,372.23,180.00,2.0680,25.7,
2007,,The Darjeeling Limited,Fox,67,79,Journey and Return,Drama,698,2523,11.90,23.02,34.92,17.50,1.9953,1.8,
2007,,License to Wed,Warner Bros.,8,55,Love,Comedy,2604,4002,43.80,25.51,69.31,35.00,1.9802,10.4,
2007,,Stardust,Paramount,76,86,Quest,Adventure,2540,3610,38.63,96.92,135.56,70,1.9366,9.16,
2007,,Bee Movie,Paramount,52,57,Journey and Return,Animation,3928,9679,126.63,160.49,287.12,150.00,1.9142,38,
2007,,Vacancy,Sony,55,46,Pursuit,Comedy,2551,2980,19.36,15.94,35.30,19.00,1.8579,7.6,
2007,,Rush Hour 3,Warner Bros.,20,68,Rescue,Action,3778,12996,140.13,117.90,258.02,140.00,1.8430,49.1,
2007,,In the Land of Women,Warner Bros.,43,72,Transformation,Comedy,2155,2186,11.05,6.51,17.56,10.00,1.7562,4.7,
2007,,Surf's Up,Sony,78,64,Discovery,Animation,3528,5000,58.87,90.18,149.04,85.00,1.7535,17.6,
2007,,Meet the Robinsons,Disney,66,75,Quest,Animation,3413,7361,97.82,71.51,169.33,100.00,1.6933,25.1,
2007,,Charlie Wilson's War,Universal,82,73,Discovery,Biography,2575,3750,66.66,51.81,118.48,75.00,1.5797,9.6,
2007,,Shooter,Paramount,47,82,Pursuit,Action,2806,5175,47.00,48.69,95.70,61.00,1.5688,14.5,
2007,,Nancy Drew,Independent,49,61,The Riddle,Thriller,2612,2615,25.61,5.05,30.67,20.00,1.5333,6.9,
2007,,3:10 to Yuma,Lionsgate,88,85,sacrifice,Western,2652,5292,53.61,16.17,69.78,50.00,1.3956,14,
2007,,Beowulf,Paramount,71,52,Journey and Return,Action,3153,8726,82.20,114.07,196.26,150.00,1.3084,27.5,
2007,,Zodiac,Paramount,89,73,Pursuit,Thriller,2362,5671,33.08,51.71,84.79,65.00,1.3044,13.4,
2007,,Next,Paramount,29,59,Pursuit,Thriller,2725,2617,18.21,55.33,73.54,70.00,1.0506,7.1,
2007,,Evan Almighty,Universal,23,56,Comedy,Comedy,3604,8654,100.46,72.93,173.39,175.00,0.9908,31.2,
2007,,Dragon Wars (aka D-War),Mediaplex,27,44,Monster Force,Action,2277,2213,10.98,63.27,74.25,75.00,0.9900,5,
2007,,Happily N'Ever After,Lionsgate,4,43,Maturation,Animation,2381,2775,15.59,22.50,38.08,47.00,0.8103,6.6,
2007,,Shoot 'Em Up,Warner Bros.,67,66,Pursuit,Action,2108,2711,12.81,13.91,26.72,39.00,0.6851,5.7,
2007,,Across the Universe,Independent,54,84,Love,Romance,954,4009,24.34,5.02,29.37,45.00,0.6526,3.8,
2007,,Walk Hard: The Dewey Cox Story,Sony,75,55,Comedy,Comedy,2650,1575,18.32,2.26,20.58,35.00,0.5879,4.8,
2007,,The Invasion,Warner Bros.,19,43,Monster Force,Sci-Fi,2776,2143,15.07,25.10,40.17,80.00,0.5021,5.6,
2007,,Grindhouse,The Weinstein Company,82,86,pursuit,Action,2624,4419,25.04,0.38,25.42,53.00,0.4797,11.6,
